"","AverageSlope","Elevation","FireMortality","DeadBA0607","DistanceFromFireEdge","litter2009","bare2009","hostCWD","PreFireSODmortality","Shrub.BA.LIVE.13","LIDEsurvivingBA","PostFireLIDEresprouting","SESEsurvivingBA","PostFireSESEresprouting","UMCAsurvivingBA","PostFireUMCAresprouting","ARMEsurvivingBA","PostFireARMEresprouting","QUAGsurvivingBA","PostFireQUAGresprouting","QUPAsurvivingBA","PostFireQUPAresprouting","PostFireQUCHresprouting","QUERsurvivingBA","PostFireQUERresprouting","P_ramorum","Burned_2008","ForestAllianceType","DiseaseStage","Samplingtmax","PFtmax5yr","PFtmax2yr","PFtmax1yr","PFtmaxtot","Samplingtmin","PFtmin5yr","PFtmin2yr","PFtmin1yr","PFtmintot","SamplingPrecip","PFPrecip5yr","PFPrecip2yr","PFPrecip1yr","PFPreciptot","Samplingtmean","PFtmean5yr","PFtmean2yr","PFtmean1yr","PFtmeantot","DistCoast","lideseed2013","seseseed2013","quagseed2013","quchseed2013","qupaseed2013","armeseed2013","umcaseed2013","seedlings2013","saplings2013","BigSurPlot"
"22",35,700,1.47314227535255,0,1319.18782,0,0,0.141371669411541,0,0,0,0,0,0,0,0,0,0,1.46872441068344,0.000226980069221863,0,0,0,1.46872441068344,0.000226980069221863,FALSE,TRUE,"MixedEvergreen","EARLY",10.8999996185303,10.2299995422363,10.7299995422363,10.7299995422363,10.2299995422363,3.16000008583069,2.10999989509583,3.86999988555908,3.86999988555908,2.10999989509583,990.381508752704,1018.87999157906,1080.90500378609,789.389992237091,789.389992237091,15.192625011007,13.8517499725024,13.9920832663774,14.39749994874,14.3633124865591,3.34860393325772,0,0,49,0,0,0,19,68,2,"BS044"
"24",36.5,575,1.44093859445876,0.105529238826735,1873.258127,0.1,0.03,0.490873852123405,0.105529238826735,0,0,0,0,0,0.452339862032636,0.0270734600904734,0,0,0.92384108305768,0,0,0,0,0.92384108305768,0,FALSE,TRUE,"MixedEvergreen","EARLY",10.8999996185303,10.2299995422363,10.7299995422363,10.7299995422363,10.2299995422363,3.16000008583069,2.10999989509583,3.86999988555908,3.86999988555908,2.10999989509583,990.381508752704,1018.87999157906,1080.90500378609,789.389992237091,789.389992237091,15.192625011007,13.8517499725024,13.9920832663774,14.39749994874,14.3633124865591,2.96971671545999,0,0,19,0,0,0,41,60,12,"BS046"
"25",35,679,2.3518418135708,0,2084.666123,0.625,0.5,1.13097335529233,0,0,0,0,0,0,0,0,0,0,2.35149545298074,0.000644026493985908,0,0,0,2.35149545298074,0.000644026493985908,FALSE,TRUE,"MixedEvergreen","EARLY",10.8999996185303,10.2299995422363,10.7299995422363,10.7299995422363,10.2299995422363,3.16000008583069,2.10999989509583,3.86999988555908,3.86999988555908,2.10999989509583,990.381508752704,1018.87999157906,1080.90500378609,789.389992237091,789.389992237091,15.192625011007,13.8517499725024,13.9920832663774,14.39749994874,14.3633124865591,3.91469336535415,0,0,13,0,0,0,3,16,2,"BS047"
"28",34,541,0.790213439537238,0.642818551610602,1063.526898,0.875,0.03,0,0.642818551610602,0,0.856187670660787,0.00330495547157646,2.28465728387745,0.0098803088955399,0.365795267611545,0.0150647221721265,0,0,0,0,0,0,0,0,0,FALSE,TRUE,"Redwood","EARLY",13.6300001144409,13.0500001907349,13.6800003051758,14.0299997329712,13.0500001907349,7.25,6.19000005722046,6.76000022888184,6.76000022888184,6.19000005722046,631.026995996013,667.373998200893,727.394993603229,515.329990983009,515.329990983009,15.2580416798592,13.9398333350817,14.0829166273276,14.3116665681203,14.4122187520067,1.75064401734986,6,2,101,0,0,1,163,276,3,"BS052"
"29",35.5,0,0.131349988846589,0.020731369921039,696.1284008,0.1,0.03,0,0.020731369921039,0.00114039813325309,0.00490166993776347,0,5.7992653703949,0.07145788110039,0,0.0045560947458686,0,0,0,0,0,0,0,0,0,FALSE,TRUE,"Redwood","EARLY",13.6300001144409,13.0500001907349,13.6800003051758,14.0299997329712,13.0500001907349,7.25,6.19000005722046,6.76000022888184,6.76000022888184,6.19000005722046,631.026995996013,667.373998200893,727.394993603229,515.329990983009,515.329990983009,15.2580416798592,13.9398333350817,14.0829166273276,14.3116665681203,14.4122187520067,1.2935128308081,5,3,0,0,0,0,4,12,8,"BS053"
"31",31,592,1.30034996701613,0.143952487776465,1820.238562,0,0,0,0.143952487776465,0,0,0,0,0,0.491209217139176,0.0103806075256241,0,0,0.533229589677266,0,0,0,0,0.533229589677266,0,FALSE,TRUE,"MixedEvergreen","EARLY",10.8999996185303,10.2299995422363,10.7299995422363,10.7299995422363,10.2299995422363,3.16000008583069,2.10999989509583,3.86999988555908,3.86999988555908,2.10999989509583,990.381508752704,1018.87999157906,1080.90500378609,789.389992237091,789.389992237091,15.192625011007,13.8517499725024,13.9920832663774,14.39749994874,14.3633124865591,3.34149028649942,0,0,44,0,0,0,10,55,8,"BS057"
"37",27,720,2.42696122090895,0.0766689979145321,42.37954339,0,0,0,0.15087498718865,0,2.06674620724834,0.00176793126580766,0,0,0,0,0,0,0.192436687199316,0,0,0,0,0.192436687199316,0,FALSE,TRUE,"MixedEvergreen","EARLY",12.6800003051758,12.0699996948242,12.7399997711182,12.8699998855591,12.0699996948242,4.03000020980835,3.20000004768372,4.48999977111816,4.48999977111816,3.20000004768372,840.856504902243,881.7199898839,947.724996745587,673.019992709159,673.019992709159,15.2342708110809,13.8374166448911,13.9649999638399,14.3033332427343,14.3647135297457,3.36470399603675,328,0,16,0,0,16,2,364,38,"BS066"
"75",29,538,2.11068216590696,1.08179879088385,348.6324198,0.03,0.625,0.356374416641592,1.08179879088385,0.000493230046613598,0,0,0,0,0.11167497945532,0.354000943391805,0,0,0.362987469177399,0.000435110582522186,0,0,0,0.362987469177399,0.000435110582522186,TRUE,TRUE,"MixedEvergreen","LATE",15.0900001525879,14.460000038147,15.4300003051758,15.4300003051758,14.460000038147,6.21000003814697,3.95000004768372,4.94000005722046,4.94000005722046,3.95000004768372,652.731501132249,681.44000262022,765.109999537468,553.829991817475,553.829991817475,15.3214583992958,13.7490833302339,13.9583333233992,14.0970834096273,14.2782812677324,3.09228078183544,0,0,37,0,0,0,20,60,4,"BS132"
"94",13.5,635,2.26608418810943,0.107074902412301,299.176127,0.625,0.1,0,0.107074902412301,0,0.466436973667457,0,0,0,0,0,1.1090528925519,0,0.105753862701466,0,0,0,0,0.105753862701466,0,FALSE,TRUE,"MixedEvergreen","EARLY",14.8599996566772,14.0299997329712,15.3500003814697,15.3900003433228,14.0299997329712,4.67999982833862,2.70000004768372,3.25999999046326,3.25999999046326,2.70000004768372,830.710502594709,833.184001064301,902.659998089076,637.369998693467,637.369998693467,15.2314790487289,13.7167500535647,13.9189584503571,14.0466667711735,14.2404739633203,6.29488259975175,0,0,0,0,0,0,0,0,0,"BS158"
"96",37.5,386,1.07173705501256,0.00756259891535403,3081.780554,0.875,0.1,0,0.0094192801736256,0,2.01524843507253,0.0269470109861665,5.31356807756645,0.0152508615368517,0,0,0,0.000380132711084365,0,0,0,0,0,0,0,FALSE,TRUE,"Redwood","EARLY",14.3800001144409,13.4700002670288,14.6800003051758,15.1000003814697,13.4700002670288,3.77999997138977,2.4300000667572,2.60999989509583,2.60999989509583,2.4300000667572,905.197493895888,897.486006343365,969.085000544787,680.239994525909,680.239994525909,15.7187084108591,14.2509166419506,14.4193748484055,14.6187498470147,14.774833333989,7.43493861373427,269,23,0,0,4,44,2,347,26,"BS160"
"100",10.5,287,0.515768617708614,0.00583629375220644,3724.196789,0.875,0.5,0.392699081698724,0.0115775543266418,0,1.34402910047531,0.000191637151868977,4.07399771822116,0.204282062299676,0,0,0,0.000254469004940773,0,0,0.0559902496704407,0,0,0.0559902496704407,0,FALSE,TRUE,"Redwood","EARLY",14.3800001144409,13.4700002670288,14.6800003051758,15.1000003814697,13.4700002670288,3.77999997138977,2.4300000667572,2.60999989509583,2.60999989509583,2.4300000667572,905.197493895888,897.486006343365,969.085000544787,680.239994525909,680.239994525909,15.7187084108591,14.2509166419506,14.4193748484055,14.6187498470147,14.774833333989,7.84171898461753,1362,6350,0,0,1,94,1,8555,262,"BS165"
"105",30,511,2.81869112127404,0.055834740834088,2942.534625,0.625,0.5,0.565486677646163,0.068329640215578,0.00872577359534565,0.107960831540613,0.0193121554397799,0,0,0.543740573298014,0.0282083604365828,0.825226489661496,0.0134413041683839,0.174974144434337,0,0,0,0,0.174974144434337,0,TRUE,TRUE,"MixedEvergreen","MIDDLE",14.3800001144409,13.4700002670288,14.6800003051758,15.1000003814697,13.4700002670288,3.77999997138977,2.4300000667572,2.60999989509583,2.60999989509583,2.4300000667572,905.197493895888,897.486006343365,969.085000544787,680.239994525909,680.239994525909,15.7187084108591,14.2509166419506,14.4193748484055,14.6187498470147,14.774833333989,6.63060302014166,1,0,5,0,1,32,1,40,16,"BS175"
"109",16,114,2.40259031589872,0.163258360030937,252.6961776,0.5,0,0,0.163258360030937,0.0001539380400259,0,0,0.966852628077978,0.0361801517950669,0.984099186348022,0.0350499638379379,0,0,0,0,0,0,0,0,0,TRUE,TRUE,"Redwood","EARLY",15.5299997329712,14.6599998474121,15.8999996185303,15.8999996185303,14.6599998474121,6.25,3.67000007629395,4.3600001335144,4.3600001335144,3.67000007629395,732.977003812789,784.636002206802,866.624998092651,629.649992465972,629.649992465972,15.5536666115125,13.9502499898275,14.1570833921432,14.2433333992958,14.492010379831,2.33901544061172,0,187,18,0,2,0,16,223,25,"BS187"
"121",35.5,378,0.415846336370374,1.14871392900715,768.3119617,0.5,0.625,1.12802811217959,2.18663566609463,0,0.199857914445259,0.0098504637653308,1.20890448805544,0.0437364675251137,0,0.000283528736986479,0,0,0,0,0.00121265476428566,0.000736703477266806,0,0.00121265476428566,0.000736703477266806,TRUE,TRUE,"Redwood","LATE",15.5299997329712,14.6599998474121,15.8999996185303,15.8999996185303,14.6599998474121,6.25,3.67000007629395,4.3600001335144,4.3600001335144,3.67000007629395,732.977003812789,784.636002206802,866.624998092651,629.649992465972,629.649992465972,15.5536666115125,13.9502499898275,14.1570833921432,14.2433333992958,14.492010379831,4.4182948053877,8,32,0,0,2,0,2,44,25,"BS611"
"126",37.5,417,1.34010760744547,1.02284052155393,748.8370137,0.005,0.1,0,2.03859282468319,0.000530929158456675,0,0.0183492572914546,0,0,0.585489983469732,0.211318444445554,0,0,0,0,0,0,0,0,0,TRUE,TRUE,"MixedEvergreen","MIDDLE",12.9099998474121,11.8699998855591,13.5500001907349,13.8500003814697,11.8699998855591,3.97000002861023,2.08999991416931,2.67000007629395,2.67000007629395,2.08999991416931,967.892499059438,975.585992085934,1045.19499051571,747.599989414215,747.599989414215,15.1222291439772,13.6818333546321,13.8550000439088,13.9962501227856,14.2065989809732,5.14285905263537,0,15,1,0,5,0,48,69,5,"BS194"
"127",41,579,0.904260321446018,1.33700999708903,1800.731918,0.005,0.625,3.24369441483146,2.67401999417806,0,0,0.00295938027968159,0,0,0,0.00125663706143592,0,0,0,0,0,0,0,0,0,TRUE,TRUE,"MixedEvergreen","LATE",14.8599996566772,14.0299997329712,15.3500003814697,15.3900003433228,14.0299997329712,4.67999982833862,2.70000004768372,3.25999999046326,3.25999999046326,2.70000004768372,830.710502594709,833.184001064301,902.659998089076,637.369998693467,637.369998693467,15.2314790487289,13.7167500535647,13.9189584503571,14.0466667711735,14.2404739633203,4.86543015594697,0,0,9,0,0,4,0,14,0,"BS195"
"130",39,770,1.17062889396043,1.70787265365082,143.7221924,0.2,0.5,0,1.70787265365082,0,0,0,0,0,0,0,0,0,0.628586351491677,0,0,0,0,0.628586351491677,0,TRUE,TRUE,"MixedEvergreen","EARLY",15.9300003051758,15.0200004577637,16.2399997711182,16.2399997711182,15.0200004577637,7.09999990463257,3.79999995231628,4.67000007629395,4.67000007629395,3.79999995231628,768.298006124794,853.840003705024,940.15499663353,687.25999045372,687.25999045372,16.0564582447211,14.4336666802565,14.6668750147025,14.688333272934,14.973958329608,3.49576742541917,0,0,10,3,40,0,12,65,4,"BS202"
"136",29,127,2.39030983021584,0,98.20480669,0.005,0.005,0,0,0,0,0,0,0,0,0,0,0,2.33119605204957,0,0,0,0,2.33119605204957,0,TRUE,TRUE,"MixedEvergreen","EARLY",14.6599998474121,13.6000003814697,14.7700004577637,14.9399995803833,13.6000003814697,4.96999979019165,2.45000004768372,3.38000011444092,3.38000011444092,2.45000004768372,902.756493066437,931.048010796308,1010.02000795305,729.579998493195,729.579998493195,15.533333281676,13.9988333662351,14.2008333404859,14.3620834151904,14.5435937667886,4.10458706977851,0,0,44,0,0,0,25,69,29,"BS217"
"140",31.5,435,0.992403986527787,2.03709271419111,1314.706328,0,0.625,0,4.06915888013647,0.00281172542496286,0,0.0343595988523116,0,0.0377823640483976,0,0,0,0,0,0,0,0,0,0,0,TRUE,TRUE,"Redwood","MIDDLE",14.6599998474121,13.6000003814697,14.7700004577637,14.9399995803833,13.6000003814697,4.96999979019165,2.45000004768372,3.38000011444092,3.38000011444092,2.45000004768372,902.756493066437,931.048010796308,1010.02000795305,729.579998493195,729.579998493195,15.533333281676,13.9988333662351,14.2008333404859,14.3620834151904,14.5435937667886,6.72839180370666,6,203,0,0,0,42,3,257,71,"BS221"
"143",33.5,435,1.09805888906067,1.21923247390411,3022.993052,0.1,0.875,4.33245261884117,2.43846494780823,0.000490873852123405,0.000962112750161874,0.11049374061757,3.01753351589402,0.000798749932175205,0,0,0,0,0,0,0,0,0,0,0,TRUE,TRUE,"Redwood","LATE",14.6599998474121,13.6000003814697,14.7700004577637,14.9399995803833,13.6000003814697,4.96999979019165,2.45000004768372,3.38000011444092,3.38000011444092,2.45000004768372,902.756493066437,931.048010796308,1010.02000795305,729.579998493195,729.579998493195,15.533333281676,13.9988333662351,14.2008333404859,14.3620834151904,14.5435937667886,4.32959234597313,4,42,12,0,8,34,10,115,19,"BS224"
"148",33,689,0.500235798231103,0.488451684187488,1373.061082,0.03,0.5,1.15453530019425,0.678568305212128,0,0,0,0,0,0,0,0,0,0,0,0,0,0,0,0,TRUE,TRUE,"MixedEvergreen","LATE",14.6599998474121,13.6000003814697,14.7700004577637,14.9399995803833,13.6000003814697,4.96999979019165,2.45000004768372,3.38000011444092,3.38000011444092,2.45000004768372,902.756493066437,931.048010796308,1010.02000795305,729.579998493195,729.579998493195,15.533333281676,13.9988333662351,14.2008333404859,14.3620834151904,14.5435937667886,3.29551839992001,0,0,55,0,0,12,45,161,3,"BS232"
"149",38,687,2.42132520368841,0.43184725315327,878.5196495,0.5,0.005,0.109955742875643,0.43184725315327,0,0,0,0,0,0.563975571579786,0,0.291289256239009,0,0.461244706409236,0,0,0,0,0.461244706409236,0,TRUE,TRUE,"MixedEvergreen","EARLY",14.0900001525879,13.0299997329712,13.75,14.5200004577637,13.0299997329712,4.30999994277954,2.63000011444092,3.40000009536743,3.40000009536743,2.63000011444092,941.25151130557,962.716000342369,1036.48500326276,737.290008544922,737.290008544922,16.144291549921,14.7165000081062,14.9068750838439,15.2133333683014,15.2448229019841,8.56376712357647,0,0,29,0,0,0,68,131,2,"BS233"
"155",40,403,0.312290017730093,0.0419583260831819,5128.497345,0.875,0.1,0.245436926061703,0.0433665449901535,0,0.766749669405739,0.248124558576849,3.48116112033101,0,0,0,0,0,0,0,0,0,0,0,0,TRUE,TRUE,"Redwood","MIDDLE",14.0900001525879,13.0299997329712,13.75,14.5200004577637,13.0299997329712,4.30999994277954,2.63000011444092,3.40000009536743,3.40000009536743,2.63000011444092,941.25151130557,962.716000342369,1036.48500326276,737.290008544922,737.290008544922,16.144291549921,14.7165000081062,14.9068750838439,15.2133333683014,15.2448229019841,10.2432411282509,20,1,0,0,2,0,1,24,33,"BS242"
"157",35,357,0.157851679074109,0.156862862786392,6341.510195,0.875,0.2,0,0.156862862786392,0.000380918109247762,0.364237037655364,0.000360497756999429,7.82832738836527,0.506013187121054,0,0.00262794225472786,0,7.85398163397448e-05,0,0,0,0.000746128255227576,0,0,0.000746128255227576,FALSE,TRUE,"Redwood","EARLY",13.1300001144409,12.2299995422363,12.8599996566772,13.7399997711182,12.2299995422363,4.15999984741211,2.83999991416931,3.67000007629395,3.67000007629395,2.83999991416931,965.079496204853,1004.89599465728,1073.79999747872,761.670009613037,761.670009613037,15.9177499115467,14.5772500296434,14.7385416825612,15.1620834271113,15.0827708331247,12.0256720078583,3,168,0,7,21,54,3,344,17,"BS244"
"160",26,570,3.36233980298693,1.41119478061274,7422.333972,0.875,0.03,0,1.41119478061274,0.00586142649343516,0,0,3.4897871483596,0.0593431144299844,0,0.0089857403874302,0,0.00022776546738526,0,0,0,0,0,0,0,FALSE,TRUE,"Redwood","EARLY",14.6599998474121,13.6000003814697,14.7700004577637,14.9399995803833,13.6000003814697,4.96999979019165,2.45000004768372,3.38000011444092,3.38000011444092,2.45000004768372,902.756493066437,931.048010796308,1010.02000795305,729.579998493195,729.579998493195,15.533333281676,13.9988333662351,14.2008333404859,14.3620834151904,14.5435937667886,4.12639683468849,0,116,48,3,29,57,3,256,56,"BS247"
"163",18.5,866,2.3787966785386,0.0395330165546106,1963.746476,0.875,0.03,0.0471238898038469,0.0395330165546106,0.00041547562843725,0,0,0,0,0,0,0.0545089887342731,0,1.48724881176533,0,0,0,0,1.48724881176533,0,FALSE,TRUE,"MixedEvergreen","EARLY",13.1400003433228,12.3599996566772,13.25,13.6199998855591,12.3599996566772,4.8899998664856,2.84999990463257,4.19000005722046,4.19000005722046,2.84999990463257,919.499984577298,960.874001871794,1026.86998989992,741.599989414215,741.599989414215,15.2996249397596,13.851166643699,14.0285416940848,14.3037500977516,14.3827187183003,2.70324831900314,0,0,57,0,5,632,1,697,31,"BS251"
"173",32.5,624,2.69332351023805,0.0019383626672649,1028.106585,0,0.1,0,0.0019383626672649,0,0,0,0,0,0,0,0,0,1.56382827428923,0,0,0,0,1.56382827428923,0,TRUE,TRUE,"MixedEvergreen","EARLY",13.1400003433228,12.3599996566772,13.25,13.6199998855591,12.3599996566772,4.8899998664856,2.84999990463257,4.19000005722046,4.19000005722046,2.84999990463257,919.499984577298,960.874001871794,1026.86998989992,741.599989414215,741.599989414215,15.2996249397596,13.851166643699,14.0285416940848,14.3037500977516,14.3827187183003,3.62416633947662,0,0,11,0,1,0,3,15,26,"BS272"
"174",39,283,1.49486167616314,0.118561350551989,1641.820824,0,0.5,0.399571315628452,0.237122701103977,0,0.162597054777357,0,0,0,0,0,0,0,1.17040819707651,0,0,0,0,1.17040819707651,0,TRUE,TRUE,"MixedEvergreen","MIDDLE",11.25,10.539999961853,11.3000001907349,11.5699996948242,10.539999961853,3.66000008583069,2.29999995231628,3.91000008583069,3.91000008583069,2.29999995231628,1035.88399776071,1125.30400642157,1198.7850061655,859.539983034133,859.539983034133,15.7265207519134,14.4109166045984,14.563958277305,14.9654166400432,14.9085572188099,4.88873542107058,2,0,37,0,0,0,8,47,17,"BS273"
"175",36,1153,2.24749852597079,0.000380132711084365,2423.799983,0.1,0.875,0,0.00076026542216873,0,1.75932958512213,0,0,0,0,0,0,0,0,0,0,0,0,0,0,FALSE,TRUE,"MixedEvergreen","EARLY",13.8000001907349,13.1000003814697,13.8999996185303,14.3699998855591,13.1000003814697,5.44000005722046,4.42999982833862,4.92000007629395,4.92000007629395,4.42999982833862,774.32850263454,836.673998492956,898.629998683929,644.819991111755,644.819991111755,15.2934584120909,13.8332500457764,14.0016667048136,14.2387500802676,14.3558125744263,1.28689692878151,4,0,0,1,0,21,2,30,34,"BS274"
"178",40,384,0.210981508633457,0.30305844771752,476.2475586,0.625,0.2,0.154134389566749,0.304381058224681,0,0.997569550248452,0,0.586514928072966,0.000309446876378595,0.421683415520744,0,0,0,0,0,0,0,0,0,0,TRUE,TRUE,"Redwood","EARLY",13.8000001907349,13.1000003814697,13.8999996185303,14.3699998855591,13.1000003814697,5.44000005722046,4.42999982833862,4.92000007629395,4.92000007629395,4.42999982833862,774.32850263454,836.673998492956,898.629998683929,644.819991111755,644.819991111755,15.2934584120909,13.8332500457764,14.0016667048136,14.2387500802676,14.3558125744263,1.70402549609888,5,2,0,0,0,0,2,10,11,"BS278"
"181",43,646,1.7210971879261,0.135983838010634,661.8370268,0.03,0.5,0,0.148255684313719,0,0,0,0,0,0,0,0,0,0,0,1.61742855734846,0,0,1.61742855734846,0,TRUE,TRUE,"MixedEvergreen","EARLY",14.5600004196167,13.8299999237061,14.7700004577637,15.0500001907349,13.8299999237061,5.94999980926514,4.26000022888184,5.17000007629395,5.17000007629395,4.26000022888184,788.314505577087,860.529999699071,928.794996201992,669.59000480175,669.59000480175,15.4549999932448,13.9489166180293,14.1220832665761,14.3316666483879,14.4795312111576,1.86725110764416,0,0,0,0,49,0,12,61,24,"BS282"
"182",30.5,606,0.26798256574019,0.130403584059695,430.6484444,0.875,0.005,3.05029011709484,0.260354778777274,0.00906192400927976,0.739825434966311,0.0803776480420949,0.0974726244666037,0.0747149272839993,0,0,0,0.000367566340470006,0,0,0,0,0,0,0,TRUE,TRUE,"Redwood","MIDDLE",12.6800003051758,12.039999961853,12.7299995422363,12.9300003051758,12.039999961853,3.91000008583069,3.05999994277954,4.28000020980835,4.28000020980835,3.05999994277954,881.823504712433,910.615997481346,965.259992539883,704.630002856255,704.630002856255,15.4623958319426,14.0798333466053,14.1993749936422,14.5483332475026,14.5994531313578,4.25646421466811,8,51,1,0,0,167,3,230,110,"BS283"
"189",29.5,618,2.55283070137135,0.0885120168204022,2180.914994,0.875,0.03,0.282743338823081,0.13356009927839,0,0.235990942350522,0,1.47557936585357,0.000999026463841554,0.0872899372781558,0.0062478423898267,0,0,0,0,0,0,0,0,0,TRUE,TRUE,"Redwood","MIDDLE",12.6800003051758,12.039999961853,12.7299995422363,12.9300003051758,12.039999961853,3.91000008583069,3.05999994277954,4.28000020980835,4.28000020980835,3.05999994277954,881.823504712433,910.615997481346,965.259992539883,704.630002856255,704.630002856255,15.4623958319426,14.0798333466053,14.1993749936422,14.5483332475026,14.5994531313578,2.0949612211087,275,1,0,0,67,0,16,365,6,"BS297"
"191",24.5,510,0.504015134193371,0.0447244984146677,257.0898647,0.875,0.03,0,0.0460125514026395,0,0.192559994710969,0.000882787535658732,2.67074252764221,0.00930225584727938,0.380245023021731,0,0.145066967770326,0,0.633909780243185,0,0,0,0,0.633909780243185,0,TRUE,TRUE,"Redwood","EARLY",13.3100004196167,12.7700004577637,13.210000038147,13.6000003814697,12.7700004577637,5.07000017166138,4.19999980926514,5.34000015258789,5.34000015258789,4.19999980926514,759.141500626691,807.963998764753,850.174992203713,609.879987478257,609.879987478257,15.7913958132267,14.3962499737739,14.4893749058247,14.8162499070167,14.9111302023133,2.70128030500762,18,9,2,0,0,0,7,36,28,"BS301"
"193",27,857,2.45672231351456,0.148523505087438,230.6005943,0.2,0.2,0.424115008234622,0.148523505087438,0,0,0,0,0,0.0615178819444319,0,0,0,0,0,2.01268882245802,0,0,2.01268882245802,0,TRUE,TRUE,"MixedEvergreen","EARLY",12.2399997711182,11.5699996948242,12.1499996185303,12.7600002288818,11.5699996948242,2.69000005722046,2.03999996185303,3.21000003814697,3.21000003814697,2.03999996185303,826.23698657751,866.39199706018,920.474997341633,662.370008111,662.370008111,15.6769790947437,14.3485833028952,14.4550000180801,14.8908334672451,14.854244745026,4.87033333093583,0,0,0,0,221,16,21,287,22,"BS304"
"194",30.5,908,1.96181701261844,0.130475840690728,517.8829616,0.005,0.5,0,0.130475840690728,0,0,0,0,0,0,0,0,0,0,0,0,0,0,0,0,TRUE,TRUE,"MixedEvergreen","EARLY",14.3800001144409,13.4700002670288,14.6800003051758,15.1000003814697,13.4700002670288,3.77999997138977,2.4300000667572,2.60999989509583,2.60999989509583,2.4300000667572,905.197493895888,897.486006343365,969.085000544787,680.239994525909,680.239994525909,15.7187084108591,14.2509166419506,14.4193748484055,14.6187498470147,14.774833333989,8.19082339049499,0,0,0,0,0,0,1,1,2,"BS306"
"215",34.5,470,0.535791558486269,0.0343038355827103,2986.103587,0.875,0.03,1.72983945488288,0.0378043551969728,0.00053249995478347,0.120908905662384,0.0359272535864529,7.12798234827662,0.0020302542523824,0,0,0,0.0016312719853765,0,0,0,0,0,0,0,FALSE,TRUE,"Redwood","EARLY",10.5100002288818,9.32999992370605,10.8500003814697,11.539999961853,9.32999992370605,3.35999989509583,2.07999992370605,3.11999988555908,3.11999988555908,2.07999992370605,1172.61601418629,1082.56599522829,1104.18999141455,739.809999465942,739.809999465942,15.2308540691932,13.9270833571752,14.0672917465369,14.314583470424,14.3962551963826,8.11505112769613,0,387,38,0,25,36,3,490,10,"BS355"
"218",26,935,1.76041893237476,0.00311724531052447,671.8326322,0.5,0.625,0,0.00311724531052447,0.0462089009434889,0.764785388599082,0.000346360590058275,0,0,0,0,0,0.064401078602264,0,0,0,0,0.00110584061406361,0,0.00110584061406361,FALSE,TRUE,"MixedEvergreen","EARLY",14.3800001144409,13.4700002670288,14.6800003051758,15.1000003814697,13.4700002670288,3.77999997138977,2.4300000667572,2.60999989509583,2.60999989509583,2.4300000667572,905.197493895888,897.486006343365,969.085000544787,680.239994525909,680.239994525909,15.7187084108591,14.2509166419506,14.4193748484055,14.6187498470147,14.774833333989,7.76598289945327,0,0,3,3,5,3,0,23,1,"BS360"
"230",29.5,328,0.737504583393472,0.865901475145687,2882.085338,0.625,0.5,0,1.73180295029137,0,1.17790168095349,0.00643084016189831,0,0.000132732289614169,0,0,0.100098210526841,0,0,0,0,0,0,0,0,FALSE,TRUE,"Redwood","EARLY",10.1700000762939,11.0699996948242,11.0699996948242,12.6300001144409,10.1700000762939,7.96000003814697,7.57000017166138,8.56999969482422,8.77999973297119,7.57000017166138,426.907999329269,486.057998663187,548.0700019598,381.879999876022,381.879999876022,13.7207291324933,12.6553332686424,12.8770832419395,13.0654166936874,13.0556509966652,1.02789082812915,312,6,0,0,0,2,0,324,333,"BS390"
"246",32.5,226,0.0811324156771198,0.14790225514019,203.5794287,0.625,0.1,1.51778195076557,0.222512724468458,0.040391456747204,0.883978984672606,0.0174429078108939,2.08733777629629,0.0142549766656637,0,0.000286670329640069,0,0,0,0,0,0,0,0,0,FALSE,TRUE,"Redwood","EARLY",14.3800001144409,13.4700002670288,14.6800003051758,15.1000003814697,13.4700002670288,3.77999997138977,2.4300000667572,2.60999989509583,2.60999989509583,2.4300000667572,905.197493895888,897.486006343365,969.085000544787,680.239994525909,680.239994525909,15.7187084108591,14.2509166419506,14.4193748484055,14.6187498470147,14.774833333989,6.78892506947693,4,336,1,0,0,0,0,341,5,"BS426"
"251",36,350,0.0368383154559939,0.00509801947861284,947.1294313,0.2,0.625,0,0.00895118286824072,0,1.38446689571416,7.85398163397448e-05,0.617291540503858,0,0,0,0,0,0,0,0,0,0,0,0,TRUE,TRUE,"Redwood","EARLY",14.3800001144409,13.4700002670288,14.6800003051758,15.1000003814697,13.4700002670288,3.77999997138977,2.4300000667572,2.60999989509583,2.60999989509583,2.4300000667572,905.197493895888,897.486006343365,969.085000544787,680.239994525909,680.239994525909,15.7187084108591,14.2509166419506,14.4193748484055,14.6187498470147,14.774833333989,6.75118620024205,78,14,0,0,2,0,0,105,47,"BS433"
"254",11,344,3.69788546033523,0.136194324718425,1398.072911,0.5,0.1,0.942477796076938,0.140027067755804,0,0,0,0,0,0,0,0.533304987900952,0,0,0,2.46033593046436,0,0,2.46033593046436,0,TRUE,TRUE,"MixedEvergreen","MIDDLE",11.1499996185303,11.2299995422363,11.2299995422363,13.1300001144409,11.1499996185303,8.34000015258789,6.71000003814697,7.67999982833862,7.67999982833862,6.71000003814697,448.092499618419,486.683998391032,571.564997263253,424.83999837935,424.83999837935,13.9897915919622,12.6655833164851,12.879166662693,12.9604166150093,13.1210416356723,0.711416511253133,0,429,0,0,361,885,1,1772,58,"BS438"
"255",37,443,0.470477847218137,0.552233083638831,165.1203792,0.5,0.005,1.83194121612455,1.10119027153813,0.000550564112541611,0.0926408549653826,0.000321227848829556,6.23802098579342,0.000482234472326033,0,0,0,0,0,0,0,0,0,0,0,TRUE,TRUE,"Redwood","MIDDLE",10.8299999237061,10.1000003814697,10.7799997329712,10.8100004196167,10.1000003814697,3.23000001907349,2.15000009536743,3.79999995231628,3.79999995231628,2.15000009536743,1002.58549714088,1088.88599824905,1155.24000227451,836.579987764359,836.579987764359,15.4278125365575,14.1089999854565,14.2752083142598,14.6762499014537,14.6119010311862,2.41180996822328,0,105,0,0,0,0,0,126,5,"BS457"
"256",38,834,2.22545161412606,0.020873526988614,225.9927082,0,0,0,0.020873526988614,0,0,0,0,0,0,0,0,0,2.04390761405491,0,0,0,0,2.04390761405491,0,TRUE,TRUE,"MixedEvergreen","MIDDLE",14.5600004196167,13.8299999237061,14.7700004577637,15.0500001907349,13.8299999237061,5.94999980926514,4.26000022888184,5.17000007629395,5.17000007629395,4.26000022888184,788.314505577087,860.529999699071,928.794996201992,669.59000480175,669.59000480175,15.4549999932448,13.9489166180293,14.1220832665761,14.3316666483879,14.4795312111576,2.36957749075215,0,0,54,0,0,0,5,59,6,"BS458"
"280",29.5,639,3.59740083391199,0.109460156634539,3186.225288,0.875,0.03,0,0.163687187428152,0,0.110430908764498,0,0,0,0,0,2.53613235101935,0,0.215623997177299,0,0,0,0,0.215623997177299,0,TRUE,TRUE,"MixedEvergreen","MIDDLE",14.3800001144409,13.4700002670288,14.6800003051758,15.1000003814697,13.4700002670288,3.77999997138977,2.4300000667572,2.60999989509583,2.60999989509583,2.4300000667572,905.197493895888,897.486006343365,969.085000544787,680.239994525909,680.239994525909,15.7187084108591,14.2509166419506,14.4193748484055,14.6187498470147,14.774833333989,7.01919986329966,106,0,213,1,8,27,1,358,59,"BS633"
